genus,species,scientificName,acceptedNameUsage
Marginatocereus,Marginatocereus marginatus,Lophocereus marginatus (DC.) S.Arias & Terrazas,Lophocereus marginatus
Opuntia,Opuntia depressa,Opuntia depressa Rose,Opuntia depressa
Cochemiea,Cochemiea saboae,Mammillaria saboae Glass,Cochemiea saboae
Pachycereus,Pachycereus militaris,Pachycereus militaris (Audot) D.R.Hunt,Backebergia militaris
Mammillaria,Mammillaria discolor,Mammillaria discolor Haw.,Mammillaria discolor
Echinocactus,Echinocactus platyacanthus,Echinocactus platyacanthus Link & Otto,Echinocactus platyacanthus
Pachycereus,Pachycereus weberi,Pachycereus weberi (J.M.Coult.) Backeb.,Pachycereus weberi
Opuntia,Opuntia ficus-indica,Opuntia megacantha Salm-Dyck,Opuntia megacantha
Leuenbergeria,Leuenbergeria lychnidiflora,Pereskia lychnidiflora DC.,Pereskia lychnidiflora
Mammillaria,Mammillaria bombycina,Mammillaria bombycina Quehl,Mammillaria bombycina
Cochemiea,Cochemiea theresae,Mammillaria theresae Cutak,Cochemiea theresae
Coryphantha,Coryphantha elephantidens,Coryphantha bumamma (Ehrenb.) Britton & Rose,Coryphantha bumamma
Opuntia,Opuntia lasiacantha,Opuntia rzedowskii Scheinvar,Opuntia lasiacantha
Disocactus,Disocactus speciosus,Disocactus speciosus (Cav.) Barthlott,Disocactus speciosus
Opuntia,Opuntia engelmannii,Opuntia engelmannii Salm-Dyck ex Engelm.,Opuntia engelmannii
Stenocereus,Stenocereus quevedonis,Stenocereus quevedonis (J.G.Ortega) Buxb.,Stenocereus quevedonis
Opuntia,Opuntia robusta,Opuntia robusta H.L.Wendl.,Opuntia robusta
Opuntia,Opuntia pubescens,Opuntia pumila Rose,Opuntia pubescens
Pereskiopsis,Pereskiopsis diguetii,Pereskiopsis diguetii (F.A.C.Weber) Britton & Rose,Pereskiopsis diguetii
Astrophytum,Astrophytum capricorne,Astrophytum capricorne (A.Dietr.) Britton & Rose,Astrophytum capricorne
Pachycereus,Pachycereus pecten-aboriginum,Pachycereus pecten-aboriginum (Engelm. ex S.Watson) Britton & Rose,Pachycereus pecten-aboriginum
Opuntia,Opuntia hyptiacantha,Opuntia hyptiacantha F.A.C.Weber,Opuntia hyptiacantha
Echinocereus,Echinocereus scheeri,Echinocereus scheeri (Salm-Dyck) Scheer,Echinocereus scheeri
Stenocactus,Stenocactus coptonogonus,Stenocactus coptonogonus (Lem.) A.Berger,Stenocactus coptonogonus
Mammillaria,Mammillaria formosa,Mammillaria chionocephala J.A.Purpus,Mammillaria formosa subsp. chionocephala
Pachycereus,Pachycereus hollianus,Lemaireocereus hollianus (F.A.C.Weber ex J.M.Coult.) Britton & Rose,Lemaireocereus hollianus
Myrtillocactus,Myrtillocactus geometrizans,Myrtillocactus geometrizans (Mart. ex Pfeiff.) Console,Myrtillocactus geometrizans
Selenicereus,Selenicereus undatus,Hylocereus undatus (Haw.) Britton & Rose,Hylocereus undatus
Selenicereus,Selenicereus ocamponis,Hylocereus ocamponis (Salm-Dyck) Britton & Rose,Selenicereus ocamponis
Cephalocereus,Cephalocereus mezcalaensis,Neobuxbaumia mezcalaensis (Bravo) Backeb.,Cephalocereus mezcalaensis
Mammillaria,Mammillaria beneckei,Mammillaria beneckei C.Ehrenb.,Mammillaria beneckei
Mammillaria,Mammillaria grusonii,Mammillaria grusonii Ruenge,Mammillaria grusonii
Opuntia,Opuntia occidentalis,Opuntia × occidentalis Engelm. & J.M.Bigelow,
Stenocereus,Stenocereus beneckei,Stenocereus beneckei (C.Ehrenb.) A.Berger & Buxb.,Stenocereus beneckei
Aporocactus,Aporocactus flagelliformis,Disocactus flagelliformis (L.) Barthlott,Disocactus flagelliformis
Opuntia,Opuntia auberi,Nopalea auberi (Pfeiff.) Salm-Dyck,Opuntia auberi
Cochemiea,Cochemiea matehualensis,Neolloydia matehualensis Backeb.,Neolloydia matehualensis
Mammillaria,Mammillaria decipiens,Mammillaria decipiens Scheidw.,Mammillaria decipiens
Thelocactus,Thelocactus bicolor,Thelocactus heterochromus (F.A.C.Weber) Oosten,Thelocactus bicolor subsp. heterochromus
Cylindropuntia,Cylindropuntia leptocaulis,Cylindropuntia leptocaulis (DC.) F.M.Knuth,Cylindropuntia leptocaulis
Mammillaria,Mammillaria karwinskiana,Mammillaria karwinskiana Mart.,Mammillaria karwinskiana
Rhipsalis,Rhipsalis baccifera,Rhipsalis baccifera (J.S.Muell.) Stearn,Rhipsalis baccifera
Acanthocereus,Acanthocereus cuixmalensis,Peniocereus cuixmalensis Sánchez-Mej.,Acanthocereus cuixmalensis
Grusonia,Grusonia bradtiana,Grusonia bradtiana (J.M.Coult.) Britton & Rose,Grusonia bradtiana
Ferocactus,Ferocactus wislizeni,Ferocactus wislizeni (Engelm.) Britton & Rose,Ferocactus wislizeni
Carnegiea,Carnegiea gigantea,Carnegiea gigantea (Engelm.) Britton & Rose,Carnegiea gigantea
Stenocereus,Stenocereus thurberi,Stenocereus thurberi (Engelm.) Buxb.,Stenocereus thurberi
Opuntia,Opuntia tomentosa,Opuntia tomentosa Salm-Dyck,Opuntia tomentosa
Mammillaria,Mammillaria zephyranthoides,Mammillaria zephyranthoides Scheidw.,Mammillaria zephyranthoides
Cephalocereus,Cephalocereus polylophus,Neobuxbaumia polylopha (DC.) Backeb.,Cephalocereus polylophus
Cephalocereus,Cephalocereus macrocephalus,Neobuxbaumia macrocephala (F.A.C.Weber ex K.Schum.) E.Y.Dawson,Cephalocereus macrocephalus
Opuntia,Opuntia puberula,Opuntia puberula Hort.Vindob. ex Pfeiff.,Opuntia puberula
Opuntia,Opuntia microdasys,Opuntia microdasys (Lehm.) Pfeiff.,Opuntia microdasys
Opuntia,Opuntia macrocentra,Opuntia macrocentra Engelm.,Opuntia macrocentra
Grusonia,Grusonia emoryi,Opuntia emoryi Engelm.,Corynopuntia emoryi
Opuntia,Opuntia phaeacantha,Opuntia phaeacantha Engelm.,Opuntia phaeacantha
Grusonia,Grusonia marenae,Grusonia marenae (S.H.Parsons) E.F.Anderson,Grusonia marenae
Mammillaria,Mammillaria albilanata,Mammillaria albilanata Backeb.,Mammillaria albilanata
Disocactus,Disocactus anguliger,Epiphyllum anguliger (Lem.) G.Don,Disocactus anguliger
Disocactus,Disocactus nelsonii,Disocactus nelsonii (Britton & Rose) Linding.,Disocactus nelsonii
Disocactus,Disocactus ackermannii,Disocactus ackermannii (Haw.) Ralf Bauer,Disocactus ackermannii
Opuntia,Opuntia streptacantha,Opuntia streptacantha Lem.,Opuntia streptacantha
Opuntia,Opuntia velutina,Opuntia velutina F.A.C.Weber,Opuntia velutina
Echinocereus,Echinocereus rigidissimus,Echinocereus rigidissimus (Engelm.) Haage,Echinocereus rigidissimus
Echinocereus,Echinocereus enneacanthus,Echinocereus enneacanthus Engelm.,Echinocereus enneacanthus
Acanthocereus,Acanthocereus tetragonus,Acanthocereus tetragonus (L.) Hummelinck,Acanthocereus tetragonus
Acanthocereus,Acanthocereus tepalcatepecanus,Peniocereus tepalcatepecanus Sánchez-Mej.,Acanthocereus tepalcatepecanus
Mammillaria,Mammillaria mystax,Mammillaria mystax Mart.,Mammillaria mystax
Mammillaria,Mammillaria sartorii,Mammillaria sartorii J.A.Purpus,Mammillaria sartorii
Opuntia,Opuntia matudae,Opuntia matudae Scheinvar,Opuntia hyptiacantha
Selenicereus,Selenicereus purpusii,Hylocereus purpusii (Weing.) Britton & Rose,Selenicereus purpusii
Opuntia,Opuntia atrispina,Opuntia atrispina Griffiths,Opuntia atrispina
Aporocactus,Aporocactus martianus,Disocactus martianus (Zucc. ex Pfeiff.) Barthlott,Disocactus martianus
Cephalocereus,Cephalocereus scoparius,Neobuxbaumia scoparia (Poselg.) Backeb.,Cephalocereus scoparius
Epiphyllum,Epiphyllum phyllanthus,Epiphyllum phyllanthus (L.) Haw.,Epiphyllum phyllanthus
Opuntia,Opuntia joconostle,Opuntia joconostle F.A.C.Weber,Opuntia joconostle
Opuntia,Opuntia deamii,Opuntia deamii Rose,Opuntia deamii
Opuntia,Opuntia elatior,Opuntia eichlamii Rose,Opuntia eichlamii
Myrtillocactus,Myrtillocactus chiotilla,Escontria chiotilla (F.A.C.Weber ex K.Schum.) Rose,Escontria chiotilla
Bisnaga,Bisnaga histrix,Ferocactus histrix (DC.) G.E.Linds.,Ferocactus histrix
Pilosocereus,Pilosocereus collinsii,Pilosocereus collinsii (Britton & Rose) Byles & G.D.Rowley,Pilosocereus collinsii
Opuntia,Opuntia dejecta,Opuntia dejecta Salm-Dyck,Opuntia dejecta
Opuntia,Opuntia hitchcockii,Opuntia hitchcockii J.G.Ortega,Opuntia hitchcockii
Opuntia,Opuntia stenopetala,Opuntia stenopetala Engelm.,
Coryphantha,Coryphantha macromeris,Coryphantha macromeris (Engelm.) Lem.,Coryphantha macromeris
Opuntia,Opuntia chlorotica,Opuntia chlorotica Engelm. & J.M.Bigelow,Opuntia chlorotica
Opuntia,Opuntia aciculata,Opuntia aciculata Griffiths,Opuntia aciculata
Pseudorhipsalis,Pseudorhipsalis ramulosa,Pseudorhipsalis ramulosa (Salm-Dyck) Barthlott,Pseudorhipsalis ramulosa
Opuntia,Opuntia andersonii,"Opuntia × andersonii H.M.Hern., Gómez-Hin. & Bárcenas",
Opuntia,Opuntia spinulifera,Opuntia oligacantha Pfeiff.,Opuntia spinulifera
Opuntia,Opuntia leucotricha,Opuntia durangensis Britton & Rose,Opuntia leucotricha
Pilosocereus,Pilosocereus leucocephalus,Pilosocereus leucocephalus (Poselg.) Byles & G.D.Rowley,Pilosocereus leucocephalus
Stenocereus,Stenocereus pruinosus,Stenocereus pruinosus (Otto ex Pfeiff.) Buxb.,Stenocereus pruinosus
Opuntia,Opuntia tehuantepecana,Opuntia nejapensis Bravo,Opuntia nejapensis
Pilosocereus,Pilosocereus purpusii,Pilocereus purpusii (Britton & Rose) F.M.Knuth,Pilosocereus purpusii
Mammillaria,Mammillaria haageana,Mammillaria haageana Pfeiff.,Mammillaria haageana
Pelecyphora,Pelecyphora dasyacantha,Escobaria dasyacantha (Engelm.) Britton & Rose,Escobaria dasyacantha
Opuntia,Opuntia excelsa,Opuntia excelsa Sánchez-Mej.,Opuntia excelsa
Disocactus,Disocactus crenatus,Epiphyllum crenatum (Lindl.) G.Don,Epiphyllum crenatum
Bisnaga,Bisnaga hamatacantha,Ferocactus hamatacanthus (Muehlenpf.) Britton & Rose,Ferocactus hamatacanthus
Cephalocereus,Cephalocereus euphorbioides,Neobuxbaumia euphorbioides (Haw.) Buxb.,Cephalocereus euphorbioides
Echinocereus,Echinocereus sciurus,Echinocereus sciurus (Brandegee) Dams,Echinocereus sciurus
Mammillaria,Mammillaria voburnensis,Mammillaria voburnensis Scheer,Mammillaria voburnensis
Turbinicarpus,Turbinicarpus saueri,Turbinicarpus knuthianus (Boed.) V.John & Ríha,Turbinicarpus knuthianus
Cochemiea,Cochemiea dioica,Mammillaria dioica K.Brandegee,Mammillaria dioica
Melocactus,Melocactus curvispinus,Melocactus curvispinus Hort.Berol. ex Pfeiff.,Melocactus curvispinus
Cylindropuntia,Cylindropuntia tunicata,Opuntia tunicata (Lehm.) Link & Otto,Cylindropuntia tunicata
Stenocereus,Stenocereus griseus,Stenocereus griseus (Haw.) Buxb.,Stenocereus griseus
Opuntia,Opuntia decumbens,Opuntia decumbens Salm-Dyck,Opuntia decumbens
Mammillaria,Mammillaria lasiacantha,Mammillaria lasiacantha Engelm.,Mammillaria lasiacantha
Cochemiea,Cochemiea mazatlanensis,Mammillaria mazatlanensis K.Schum. ex Gürke,Mammillaria mazatlanensis
Opuntia,Opuntia oricola,Opuntia oricola Philbrick,Opuntia oricola
Cylindropuntia,Cylindropuntia wolfii,Cylindropuntia wolfii (L.D.Benson) M.A.Baker,Cylindropuntia wolfii
Opuntia,Opuntia cochenillifera,Nopalea cochenillifera (L.) Salm-Dyck,Opuntia cochenillifera
Grusonia,Grusonia grahamii,Grusonia grahamii (Engelm.) H.Rob.,Corynopuntia grahamii
Opuntia,Opuntia littoralis,Opuntia littoralis (Engelm.) Cockerell,Opuntia littoralis
Cylindropuntia,Cylindropuntia imbricata,Opuntia imbricata (Haw.) DC.,Cylindropuntia imbricata subsp. imbricata
Mammillaria,Mammillaria hahniana,Mammillaria hahniana Werderm.,Mammillaria hahniana
Astrophytum,Astrophytum myriostigma,Astrophytum myriostigma Lem.,Astrophytum myriostigma
Ferocactus,Ferocactus uncinatus,Sclerocactus uncinatus (Galeotti) N.P.Taylor,Ferocactus uncinatus
Disocactus,Disocactus macranthus,Disocactus macranthus (Alexander) Kimnach & Hutchison,Disocactus macranthus
Peniocereus,Peniocereus serpentinus,Nyctocereus serpentinus (Lag. & Rodr.) Britton & Rose,Nyctocereus serpentinus
Opuntia,Opuntia wilcoxii,Opuntia wilcoxii Britton & Rose,Opuntia wilcoxii
Cylindropuntia,Cylindropuntia thurberi,Cylindropuntia thurberi (Engelm.) F.M.Knuth,Cylindropuntia thurberi
Echinocereus,Echinocereus acifer,Echinocereus acifer (Otto ex Salm-Dyck) Haage,Echinocereus acifer
Cephalocereus,Cephalocereus fulviceps,Pseudomitrocereus fulviceps (F.A.C.Weber ex K.Schum.) Bravo & Buxb.,Cephalocereus fulviceps
Opuntia,Opuntia fuliginosa,Opuntia fuliginosa Griffiths,Opuntia fuliginosa
Miqueliopuntia,Miqueliopuntia miquelii,Opuntia pulverulenta Pfeiff.,Miqueliopuntia miquelii
Opuntia,Opuntia mesacantha,Opuntia mesacantha Raf.,Opuntia humifusa subsp. humifusa
Opuntia,Opuntia guilanchii,Opuntia guilanchii Griffiths,Opuntia guilanchi
Acanthocereus,Acanthocereus oaxacensis,Peniocereus oaxacensis (Britton & Rose) D.R.Hunt,Acanthocereus oaxacensis
Pelecyphora,Pelecyphora chihuahuensis,Escobaria chihuahuensis Britton & Rose,Escobaria chihuahuensis
Acanthocereus,Acanthocereus hirschtianus,Peniocereus hirschtianus (K.Schum.) D.R.Hunt,Acanthocereus hirschtianus
Mammillaria,Mammillaria senilis,Mammillaria senilis Lodd. ex Salm-Dyck,Mammillaria senilis
Cylindropuntia,Cylindropuntia sanfelipensis,Opuntia sanfelipensis Rebman,Cylindropuntia sanfelipensis
Coryphantha,Coryphantha delicata,Coryphantha delicata L.Bremer,Coryphantha delicata
Opuntia,Opuntia scheeri,Opuntia scheeri F.A.C.Weber,Opuntia scheeri
Stenocereus,Stenocereus eichlamii,Stenocereus eichlamii (Britton & Rose) Buxb. ex Bravo,Pachycereus eichlamii
Grusonia,Grusonia invicta,Grusonia invicta (Brandegee) E.F.Anderson,Grusonia invicta
Stenocereus,Stenocereus dumortieri,Isolatocereus dumortieri (Scheidw.) Backeb.,Isolatocereus dumortieri
Myrtillocactus,Myrtillocactus schenckii,Myrtillocactus schenckii (J.A.Purpus) Britton & Rose,Myrtillocactus schenckii
Mammillaria,Mammillaria compressa,Mammillaria compressa DC.,Mammillaria compressa
Echinocereus,Echinocereus cinerascens,Echinocereus cinerascens (DC.) Lem.,Echinocereus cinerascens
Echinocereus,Echinocereus pentalophus,Echinocereus pentalophus (DC.) Engelm. ex Haage,Echinocereus pentalophus
Epiphyllum,Epiphyllum pumilum,Epiphyllum pumilum (Vaupel) Britton & Rose,Epiphyllum pumilum
Mammillaria,Mammillaria schiedeana,Mammillaria schiedeana C.Ehrenb.,Mammillaria schiedeana
Ferocactus,Ferocactus gracilis,Ferocactus gracilis H.E.Gates,Ferocactus gracilis
Weberocereus,Weberocereus glaber,Werckleocereus glaber (Eichlam) Britton & Rose,Weberocereus glaber subsp. glaber
Opuntia,Opuntia robinsonii,Opuntia robinsonii J.G.Ortega,Opuntia robinsonii
Opuntia,Opuntia feroacantha,Opuntia feroacantha Britton & Rose,Opuntia feroacantha
Cephalocereus,Cephalocereus nudus,Neobuxbaumia squamulosa Scheinvar & Sánchez-Mej.,Cephalocereus nudus
Opuntia,Opuntia albicarpa,"Opuntia albicarpa Scheinvar, 1995",Opuntia megacantha
Parrycactus,Parrycactus alamosanus,Ferocactus alamosanus (Britton & Rose) Britton & Rose,Ferocactus alamosanus
Pelecyphora,Pelecyphora emskoetteriana,Escobaria emskoetteriana (Quehl) Borg,Escobaria emskoetteriana
Opuntia,Opuntia inaperta,Nopalea inaperta Schott ex Griffith,Opuntia inaperta
Opuntia,Opuntia macrorhiza,Opuntia macrorhiza Engelm.,Opuntia macrorhiza
Pelecyphora,Pelecyphora hesteri,"Escobaria grata M.Kaplan, Kunte & Snicer",Escobaria hesteri subsp. grata
Cochemiea,Cochemiea conoidea,Neolloydia conoidea (DC.) Britton & Rose,Neolloydia conoidea
Cephalocereus,Cephalocereus apicicephalium,Cephalocereus apicicephalium E.Y.Dawson,Cephalocereus apicicephalium
Echinocereus,Echinocereus polyacanthus,Echinocereus polyacanthus Engelm.,Echinocereus polyacanthus
Opuntia,Opuntia basilaris,Opuntia intricata Griffiths,Opuntia basilaris
Opuntia,Opuntia cochinera,Opuntia × cochinera Griffiths,Opuntia x cochinera
Mammillaria,Mammillaria rekoi,Mammillaria rekoi (Britton & Rose) Vaupel,Mammillaria rekoi
Ariocarpus,Ariocarpus retusus,Ariocarpus retusus Scheidw.,Ariocarpus retusus
Coryphantha,Coryphantha cornifera,Coryphantha radians (DC.) Britton & Rose,Coryphantha cornifera
Cylindropuntia,Cylindropuntia kleiniae,Cylindropuntia kleiniae (DC.) F.M.Knuth,Cylindropuntia kleiniae
Mammillaria,Mammillaria pottsii,Mammillaria pottsii Scheer ex Salm-Dyck,Mammillaria pottsii
Turbinicarpus,Turbinicarpus hoferi,Turbinicarpus hoferi Lüthy & A.B.Lau,Turbinicarpus hoferi
Echinocactus,Echinocactus parryi,Echinocactus parryi Engelm.,Homalocephala parryi
Sclerocactus,Sclerocactus scheerii,Sclerocactus scheerii (Salm-Dyck) N.P.Taylor,Sclerocactus scheeri
Pelecyphora,Pelecyphora aselliformis,Pelecyphora aselliformis C.Ehrenb.,Pelecyphora aselliformis
Mammillaria,Mammillaria albicoma,Mammillaria albicoma Boed.,Mammillaria albicoma
Mammillaria,Mammillaria candida,Mammillaria candida Scheidw.,Mammillaria candida
Ferocactus,Ferocactus emoryi,Ferocactus emoryi (Engelm.) Orcutt,Ferocactus emoryi
Echinocereus,Echinocereus pectinatus,Echinocereus pectinatus (Scheidw.) Engelm.,Echinocereus pectinatus
Mammillaria,Mammillaria huitzilopochtli,Mammillaria huitzilopochtli D.R.Hunt,Mammillaria huitzilopochtli
Coryphantha,Coryphantha pallida,Coryphantha pseudoradians Bravo,Coryphantha pseudoradians
Opuntia,Opuntia pycnantha,Opuntia pycnantha Engelm. ex J.M.Coult.,Opuntia pycnantha
Stenocactus,Stenocactus crispatus,Stenocactus lamellosus (A.Dietr.) A.Berger,Stenocactus obvallatus
Grusonia,Grusonia bulbispina,Corynopuntia bulbispina (Engelm.) F.M.Knuth,Grusonia bulbispina
Ferocactus,Ferocactus macrodiscus,Ferocactus macrodiscus (Matt.) Britton & Rose,Ferocactus macrodiscus
Stenocereus,Stenocereus gummosus,Stenocereus gummosus (Engelm.) A.C.Gibson & K.E.Horak,Stenocereus gummosus
Mammillaria,Mammillaria sanchez-mejoradae,Mammillaria sanchez-mejoradae Rodr.González,Mammillaria sanchez-mejoradae
Lophophora,Lophophora williamsii,Lophophora williamsii (Lem. ex Salm-Dyck) J.M.Coult.,Lophophora williamsii
Mammillaria,Mammillaria magnimamma,Mammillaria magnimamma Haw.,Mammillaria magnimamma
Opuntia,Opuntia rastrera,Opuntia rastrera F.A.C.Weber,Opuntia rastrera
Opuntia,Opuntia pilifera,Opuntia pilifera F.A.C.Weber,Opuntia pilifera
Selenicereus,Selenicereus spinulosus,Selenicereus spinulosus (DC.) Britton & Rose,Selenicereus spinulosus
Pelecyphora,Pelecyphora strobiliformis,Pelecyphora strobiliformis (Werderm.) Fric & Schelle,Pelecyphora strobiliformis
Obregonia,Obregonia denegrii,Obregonia denegrii Fric,Obregonia denegrii
Kroenleinia,Kroenleinia grusonii,Echinocactus grusonii Hildm.,Kroenleinia grusonii
Pachycereus,Pachycereus schottii,Pachycereus schottii (Engelm.) D.R.Hunt,Lophocereus schottii
Opuntia,Opuntia huajuapensis,Opuntia huajuapensis Bravo,Opuntia huajuapensis
Mammillaria,Mammillaria flavicentra,Mammillaria flavicentra Backeb.,Mammillaria flavicentra
Opuntia,Opuntia parviclada,Opuntia parviclada S.Arias & Gama,Opuntia parviclada
Cylindropuntia,Cylindropuntia cholla,Opuntia cholla F.A.C.Weber,Cylindropuntia cholla
Echinocereus,Echinocereus brandegeei,Echinocereus brandegeei (J.M.Coult.) K.Schum.,Echinocereus brandegeei
Opuntia,Opuntia tehuacana,Opuntia tehuacana S.Arias & U.Guzmán,Opuntia tehuacana
Pachycereus,Pachycereus pringlei,Pachycereus pringlei (S.Watson) Britton & Rose,Pachycereus pringlei
Stenocereus,Stenocereus stellatus,Stenocereus stellatus (Pfeiff.) Riccob.,Stenocereus stellatus
Cephalocereus,Cephalocereus tetetzo,Neobuxbaumia tetetzo (F.A.C.Weber ex J.M.Coult.) Backeb.,Cephalocereus tetetzo
Mammillaria,Mammillaria heyderi,Mammillaria heyderi Muehlenpf.,Mammillaria heyderi
Ferocactus,Ferocactus peninsulae,Ferocactus peninsulae (F.A.C.Weber) Britton & Rose,Ferocactus peninsulae
Selenicereus,Selenicereus grandiflorus,Selenicereus grandiflorus (L.) Britton & Rose,Selenicereus grandiflorus
Stenocereus,Stenocereus queretaroensis,Stenocereus queretaroensis (F.A.C.Weber ex Mathsson) Buxb.,Stenocereus queretaroensis
Epiphyllum,Epiphyllum hookeri,Epiphyllum hookeri Haw.,Epiphyllum hookeri
Echinocereus,Echinocereus fendleri,Echinocereus fendleri (Engelm.) Rümpler,Echinocereus fendleri
Ariocarpus,Ariocarpus fissuratus,Ariocarpus fissuratus (Engelm.) K.Schum.,Ariocarpus fissuratus
Mammillaria,Mammillaria eriacantha,Mammillaria eriacantha Hort.Berol. ex Pfeiff.,Mammillaria eriacantha
Cochemiea,Cochemiea poselgeri,Mammillaria poselgeri Hildm.,Mammillaria poselgeri
Echinocereus,Echinocereus poselgeri,Echinocereus poselgeri Lem.,Echinocereus poselgeri
Ariocarpus,Ariocarpus scaphirostris,Ariocarpus scaphirostris Boed.,Ariocarpus scaphirostris
Mammillaria,Mammillaria longimamma,Mammillaria longimamma DC.,Mammillaria longimamma
Cochemiea,Cochemiea macdougallii,Ortegocactus macdougallii Alexander,Cochemiea macdougallii
Ferocactus,Ferocactus pilosus,Ferocactus pilosus (Salm-Dyck) Werderm.,Ferocactus pilosus
Grusonia,Grusonia kunzei,Grusonia kunzei (Rose) Pinkava,Grusonia kunzei
Mammillaria,Mammillaria supertexta,Mammillaria supertexta Mart.,Mammillaria supertexta
Myrtillocactus,Myrtillocactus chende,Polaskia chende (Rol.-Goss.) A.C.Gibson & K.E.Horak,Polaskia chende
Mammillaria,Mammillaria dixanthocentron,Mammillaria dixanthocentron Backeb.,Mammillaria dixanthocentron
Mammillaria,Mammillaria surculosa,Mammillaria surculosa Boed.,Mammillaria surculosa
Cephalocereus,Cephalocereus columna-trajani,Cephalocereus columna-trajani (Karw. ex Pfeiff.) K.Schum.,Cephalocereus columna-trajani
Mammillaria,Mammillaria kraehenbuehlii,Mammillaria kraehenbuehlii (Krainz) Krainz,Mammillaria kraehenbuehlii
Ferocactus,Ferocactus latispinus,Ferocactus recurvus (Mill.) Borg,Ferocactus recurvus
Cylindropuntia,Cylindropuntia prolifera,Opuntia prolifera Engelm.,Cylindropuntia prolifera
Cylindropuntia,Cylindropuntia lindsayi,Opuntia lindsayi Rebman,Cylindropuntia lindsayi
Grusonia,Grusonia aggeria,Grusonia aggeria (Ralston & Hilsenb.) E.F.Anderson,Grusonia aggeria
Epiphyllum,Epiphyllum oxypetalum,Epiphyllum oxypetalum (DC.) Haw.,Epiphyllum oxypetalum
Echinocereus,Echinocereus knippelianus,Echinocereus knippelianus Liebner,Echinocereus knippelianus
Pelecyphora,Pelecyphora tuberculosa,Escobaria tuberculosa (Engelm.) Britton & Rose,Escobaria tuberculosa
Mammillaria,Mammillaria polyedra,Mammillaria polyedra Mart.,Mammillaria polyedra
Stenocereus,Stenocereus eruca,Stenocereus eruca (Brandegee) A.C.Gibson & K.E.Horak,Stenocereus eruca
Cylindropuntia,Cylindropuntia fulgida,Cylindropuntia fulgida (Engelm.) F.M.Knuth,Cylindropuntia fulgida
Echinocereus,Echinocereus stramineus,Echinocereus stramineus Engelm. ex Rümpler,Echinocereus stramineus
Epithelantha,Epithelantha micromeris,Epithelantha micromeris (Engelm.) F.A.C.Weber,Epithelantha micromeris
Parrycactus,Parrycactus reppenhagenii,Ferocactus reppenhagenii G.Unger,Ferocactus alamosanus subsp. reppenhagenii
Pereskiopsis,Pereskiopsis kellermanii,Pereskiopsis kellermanii Rose,Pereskiopsis kellermanii
Cochemiea,Cochemiea barbata,Mammillaria barbata Engelm.,Mammillaria barbata
Kadenicarpus,Kadenicarpus horripilus,Turbinicarpus horripilus (Lem.) V.John & Ríha,Kadenicarpus horripilus
Mammillaria,Mammillaria melanocentra,Mammillaria melanocentra Poselg.,Mammillaria melanocentra
Bisnaga,Bisnaga haematacantha,Ferocactus haematacanthus (Monv. ex Salm-Dyck) Bravo ex Backeb. & F.M.Knuth,Ferocactus haematacanthus
Ferocactus,Ferocactus robustus,Ferocactus robustus (Karw. ex Pfeiff.) Britton & Rose,Ferocactus robustus
Ariocarpus,Ariocarpus trigonus,Ariocarpus trigonus (F.A.C.Weber) K.Schum.,Ariocarpus trigonus
Coryphantha,Coryphantha glanduligera,Coryphantha glanduligera (Otto & A.Dietr.) Lem.,Coryphantha glanduligera
Stenocereus,Stenocereus zopilotensis,Stenocereus zopilotensis Arreola-Nava & Terrazas,Stenocereus zopilotensis
Coryphantha,Coryphantha difficilis,Coryphantha difficilis (Quehl) Orcutt,Coryphantha difficilis
Cochemiea,Cochemiea schumannii,Mammillaria schumannii Hildm.,Mammillaria schumannii
Cylindropuntia,Cylindropuntia anteojoensis,Cylindropuntia anteojoensis (Pinkava) E.F.Anderson,Cylindropuntia anteojoensis
Opuntia,Opuntia rufida,Opuntia rufida Engelm.,Opuntia rufida
Cylindropuntia,Cylindropuntia fosbergii,Opuntia fosbergii C.B.Wolf,Cylindropuntia bigelovii subsp. bigelovii
Stenocereus,Stenocereus kerberi,Stenocereus kerberi (K.Schum.) A.C.Gibson & K.E.Horak,Stenocereus kerberi
Cylindropuntia,Cylindropuntia ramosissima,Opuntia ramosissima Engelm.,Cylindropuntia ramosissima
Echinocactus,Echinocactus horizonthalonius,Echinocactus horizonthalonius Lem.,Echinocactus horizonthalonius
Mammillaria,Mammillaria elongata,Mammillaria elongata DC.,Mammillaria elongata
Stenocactus,Stenocactus obvallatus,Stenocactus obvallatus (DC.) Hill,Stenocactus obvallatus
Pereskia,Pereskia aculeata,Pereskia aculeata Mill.,Pereskia aculeata
Weberocereus,Weberocereus tunilla,Weberocereus biolleyi (F.A.C.Weber) Britton & Rose,Weberocereus tunilla subsp. biolleyi
Echinocereus,Echinocereus pulchellus,Echinocereus pulchellus (Mart.) K.Schum.,Echinocereus pulchellus
Cylindropuntia,Cylindropuntia tesajo,Opuntia tesajo Engelm. ex J.M.Coult.,Cylindropuntia tesajo
Mammillaria,Mammillaria crinita,Mammillaria crinita DC.,Mammillaria crinita
Coryphantha,Coryphantha poselgeriana,Coryphantha poselgeriana (A.Dietr.) Britton & Rose,Coryphantha poselgeriana
Coryphantha,Coryphantha echinoidea,Coryphantha echinoidea (Quehl) Britton & Rose,Coryphantha echinoidea
Coryphantha,Coryphantha erecta,Coryphantha erecta (Lem. ex Pfeiff.) Lem.,Coryphantha erecta
Pereskiopsis,Pereskiopsis aquosa,Pereskiopsis aquosa Britton & Rose,Pereskiopsis aquosa
Grusonia,Grusonia moelleri,Grusonia moelleri (A.Berger) E.F.Anderson,Grusonia moelleri
Lophophora,Lophophora diffusa,Lophophora diffusa (Croizat) Bravo,Lophophora diffusa
Mammillaria,Mammillaria carnea,Mammillaria carnea Zucc. ex Pfeiff.,Mammillaria carnea
Coryphantha,Coryphantha delaetiana,Coryphantha delaetiana (Quehl) A.Berger,Coryphantha delaetiana
Pilosocereus,Pilosocereus chrysacanthus,Pilosocereus chrysacanthus (F.A.C.Weber ex K.Schum.) Byles & G.D.Rowley,Pilosocereus chrysacanthus
Cylindropuntia,Cylindropuntia alcahes,Cylindropuntia alcahes (F.A.C.Weber) F.M.Knuth,Cylindropuntia alcahes
Echinocereus,Echinocereus yavapaiensis,Echinocereus yavapaiensis M.A.Baker,Echinocereus yavapaiensis
Echinocereus,Echinocereus engelmannii,Echinocereus engelmannii (Parry ex Engelm.) Lem.,Echinocereus engelmannii
Thelocactus,Thelocactus hastifer,Thelocactus hastifer (Werderm. & Boed.) F.M.Knuth,Thelocactus hastifer
Pseudorhipsalis,Pseudorhipsalis amazonica,Disocactus amazonicus (K.Schum.) D.R.Hunt,Pseudorhipsalis amazonica subsp. amazonica
Peniocereus,Peniocereus striatus,Wilcoxia striata (K.Brandegee) Britton & Rose,Peniocereus striatus
Stenocereus,Stenocereus alamosensis,Stenocereus alamosensis (J.M.Coult.) A.C.Gibson & K.E.Horak,Stenocereus alamosensis
Mammillaria,Mammillaria oteroi,Mammillaria oteroi Glass & R.A.Foster,Mammillaria oteroi
Opuntia,Opuntia elizondoana,Opuntia elizondoana E.Sánchez & Villaseñor,Opuntia elizondoana
Thelocactus,Thelocactus tulensis,Thelocactus tulensis (Poselg.) Britton & Rose,Thelocactus tulensis
Echinocereus,Echinocereus palmeri,Echinocereus palmeri Britton & Rose,Echinocereus palmeri
Grusonia,Grusonia vilis,Grusonia vilis (Rose) H.Rob.,Grusonia vilis
Bisnaga,Bisnaga glaucescens,Ferocactus glaucescens (DC.) Britton & Rose,Ferocactus glaucescens
Cylindropuntia,Cylindropuntia viridiflora,Cylindropuntia × viridiflora (Britton & Rose) F.M.Knuth,
Mammillaria,Mammillaria vetula,Mammillaria gracilis Pfeiff.,Mammillaria vetula subsp. gracilis
Deamia,Deamia testudo,Selenicereus testudo (Karw. ex Zucc.) Buxb.,Deamia testudo
Stenocactus,Stenocactus multicostatus,Stenocactus multicostatus (Hildm.) A.Berger,Stenocactus multicostatus
Mammillaria,Mammillaria orcuttii,Mammillaria orcuttii Boed.,Mammillaria orcuttii
Coryphantha,Coryphantha compacta,Coryphantha compacta (Engelm.) Britton & Rose,Coryphantha compacta
Pelecyphora,Pelecyphora lloydii,Escobaria lloydii Britton & Rose,Escobaria lloydii
Thelocactus,Thelocactus hexaedrophorus,Thelocactus hexaedrophorus (Lem.) Britton & Rose,Thelocactus hexaedrophorus
Selenicereus,Selenicereus chontalensis,Selenicereus chontalensis (Alexander) Kimnach,Selenicereus chontalensis
Pachycereus,Pachycereus tepamo,Pachycereus tepamo Gama & S.Arias,Pachycereus tepamo
Ariocarpus,Ariocarpus kotschoubeyanus,Ariocarpus kotschoubeyanus (Lem.) K.Schum.,Ariocarpus kotschoubeyanus
Mammillaria,Mammillaria densispina,Mammillaria mieheana Tiegel,Mammillaria mieheana
Acanthocereus,Acanthocereus fosterianus,Peniocereus fosterianus Cutak,Acanthocereus fosterianus
Mammillaria,Mammillaria bocensis,Mammillaria bocensis R.T.Craig,Mammillaria bocensis
Opuntia,Opuntia tapona,Opuntia tapona Engelm. ex J.M.Coult.,Opuntia tapona
Mammillaria,Mammillaria perbella,Mammillaria perbella Hildm. ex K.Schum.,Mammillaria perbella
Mammillaria,Mammillaria prolifera,Mammillaria prolifera (Mill.) Haw.,Mammillaria prolifera
Stenocereus,Stenocereus montanus,Stenocereus montanus (Britton & Rose) Buxb.,Stenocereus montanus
Stenocereus,Stenocereus standleyi,Stenocereus standleyi (J.G.Ortega) Buxb.,Stenocereus standleyi
Cylindropuntia,Cylindropuntia cardenche,Opuntia × cardenche Griffiths,Cylindropuntia imbricata subsp. cardenche
Myrtillocactus,Myrtillocactus chichipe,Polaskia chichipe (Rol.-Goss.) Backeb.,Polaskia chichipe
Bergerocactus,Bergerocactus emoryi,Bergerocactus emoryi (Engelm.) Britton & Rose,Bergerocactus emoryi
Cephalocereus,Cephalocereus sanchezmejoradae,Neobuxbaumia laui (P.V.Heath) D.R.Hunt,Cephalocereus sanchezmejoradae
Opuntia,Opuntia lutea,Nopalea lutea Rose,Opuntia lutea
Disocactus,Disocactus phyllanthoides,Disocactus phyllanthoides (DC.) Barthlott,Disocactus phyllanthoides
Mammillaria,Mammillaria microhelia,Mammillaria microhelia Werderm.,Mammillaria microhelia
Turbinicarpus,Turbinicarpus viereckii,Turbinicarpus viereckii (Werderm.) V.John & Ríha,Turbinicarpus viereckii
Cochemiea,Cochemiea grahamii,Mammillaria grahamii Engelm.,Mammillaria grahamii
Stenocereus,Stenocereus treleasei,Stenocereus treleasei (Rose) Backeb.,Stenocereus treleasei
Mammillaria,Mammillaria baumii,Mammillaria baumii Boed.,Mammillaria baumii
Cylindropuntia,Cylindropuntia munzii,Opuntia munzii C.B.Wolf,Cylindropuntia munzii
Opuntia,Opuntia carstenii,Opuntia × carstenii R.Puente & C.Hamann,
Coryphantha,Coryphantha retusa,Coryphantha retusa (Pfeiff.) Britton & Rose,Coryphantha retusa
Rapicactus,Rapicactus subterraneus,Turbinicarpus subterraneus (Backeb.) A.Zimmerman,Rapicactus subterraneus
Mammillaria,Mammillaria winterae,Mammillaria winterae Boed.,Mammillaria winterae
Ferocactus,Ferocactus townsendianus,Ferocactus townsendianus Britton & Rose,Ferocactus townsendianus
Rapicactus,Rapicactus beguinii,Turbinicarpus beguinii (N.P.Taylor) Mosco & Zanov.,Turbinicarpus beguinii
Selenicereus,Selenicereus atropilosus,Selenicereus atropilosus Kimnach,Selenicereus atropilosus
Peniocereus,Peniocereus zopilotensis,Peniocereus zopilotensis (Meyran) Buxb.,Peniocereus zopilotensis
Selenicereus,Selenicereus escuintlensis,Hylocereus escuintlensis Kimnach,Hylocereus escuintlensis
Mammillaria,Mammillaria standleyi,Mammillaria hertrichiana R.T.Craig,Mammillaria standleyi
Mammillaria,Mammillaria scrippsiana,Mammillaria scrippsiana (Britton & Rose) Orcutt,Mammillaria scrippsiana
Mammillaria,Mammillaria jaliscana,Mammillaria jaliscana (Britton & Rose) Boed.,Mammillaria jaliscana
Myrtillocactus,Myrtillocactus eichlamii,Myrtillocactus eichlamii Britton & Rose,Myrtillocactus eichlamii
Mammillaria,Mammillaria uncinata,Mammillaria uncinata Zucc. ex Pfeiff.,Mammillaria uncinata
Ferocactus,Ferocactus viridescens,Ferocactus viridescens (Torr. & A.Gray) Britton & Rose,Ferocactus viridescens
Echinocactus,Echinocactus texensis,Echinocactus texensis Hopffer,Echinocactus texensis
Grusonia,Grusonia schottii,Corynopuntia schottii (Engelm.) F.M.Knuth,Corynopuntia schottii
Schlumbergera,Schlumbergera truncata,Zygocactus truncatus (Haw.) K.Schum.,
Opuntia,Opuntia polyacantha,Opuntia arenaria Engelm.,Opuntia arenaria
Astrophytum,Astrophytum ornatum,Astrophytum ornatum (DC.) Britton & Rose,Astrophytum ornatum
Selenicereus,Selenicereus pteranthus,Selenicereus boeckmannii (Otto) Britton & Rose,Selenicereus pteranthus
Stenocereus,Stenocereus chacalapensis,Stenocereus chacalapensis (Bravo & T.Mac Doug.) Buxb.,Stenocereus chacalapensis
Mammillaria,Mammillaria polythele,Mammillaria polythele Mart.,Mammillaria polythele
Opuntia,Opuntia gosseliniana,Opuntia gosseliniana F.A.C.Weber,Opuntia gosseliniana
Selenicereus,Selenicereus hamatus,Selenicereus hamatus (Scheidw.) Britton & Rose,Selenicereus hamatus
Mammillaria,Mammillaria roseoalba,Mammillaria roseoalba Boed.,Mammillaria roseoalba
Echinocereus,Echinocereus primolanatus,Echinocereus primolanatus Fritz Schwarz ex N.P.Taylor,Echinocereus primolanatus
Coryphantha,Coryphantha nickelsiae,Coryphantha nickelsiae (K.Brandegee) Britton & Rose,Coryphantha nickelsiae
Melocactus,Melocactus lemairei,Melocactus lemairei (Monv. ex Lem.) Miq.,Melocactus lemairei
Echinocereus,Echinocereus laui,Echinocereus laui G.Frank,Echinocereus laui
Aztekium,Aztekium ritteri,Aztekium ritteri (Boed.) Boed. ex A.Berger,Aztekium ritteri
Thelocactus,Thelocactus leucacanthus,Thelocactus leucacanthus (Zucc. ex Pfeiff.) Britton & Rose,Thelocactus leucacanthus
Echinocereus,Echinocereus dasyacanthus,Echinocereus dasyacanthus Engelm.,Echinocereus dasyacanthus
Mammillaria,Mammillaria plumosa,Mammillaria plumosa F.A.C.Weber,Mammillaria plumosa
Consolea,Consolea macracantha,Opuntia macracantha Griseb.,Consolea macracantha
Parrycactus,Parrycactus echidne,Ferocactus echidne (DC.) Britton & Rose,Ferocactus echidne
Coryphantha,Coryphantha georgii,Coryphantha georgii Boed.,Coryphantha georgii
Geohintonia,Geohintonia mexicana,Geohintonia mexicana Glass & W.A.Fitz Maur.,Geohintonia mexicana
Mammillaria,Mammillaria glassii,Mammillaria glassii R.A.Foster,Mammillaria glassii
Opuntia,Opuntia stricta,Opuntia stricta (Haw.) Haw.,Opuntia stricta
Cochemiea,Cochemiea phitauiana,Mammillaria phitauiana (E.M.Baxter) Werderm.,Mammillaria phitauiana
Mammillaria,Mammillaria napina,Mammillaria napina J.A.Purpus,Mammillaria napina
Echinocereus,Echinocereus leucanthus,Echinocereus leucanthus N.P.Taylor,Echinocereus leucanthus
Cochemiea,Cochemiea armillata,Mammillaria armillata K.Brandegee,Mammillaria armillata
Echinocereus,Echinocereus adustus,Echinocereus adustus Engelm.,Echinocereus adustus
Acanthocereus,Acanthocereus castellae,Peniocereus castellae Sánchez-Mej.,Acanthocereus castellae
Coryphantha,Coryphantha echinus,Mammillaria pectinata Engelm.,Coryphantha echinus
Cylindropuntia,Cylindropuntia bigelowii,Opuntia bigelovii Engelm.,Cylindropuntia bigelovii
Cylindropuntia,Cylindropuntia echinocarpa,Opuntia echinocarpa Engelm. & J.M.Bigelow,Cylindropuntia echinocarpa
Cochemiea,Cochemiea capensis,Mammillaria capensis (H.E.Gates) R.T.Craig,Cochemiea capensis
Opuntia,Opuntia amarilla,Opuntia amarilla Griffiths,Opuntia amarilla
Pereskiopsis,Pereskiopsis rotundifolia,Pereskiopsis rotundifolia (A.DC.) Britton & Rose,Pereskiopsis rotundifolia
Mammillaria,Mammillaria gasseriana,Mammillaria gasseriana Boed.,Mammillaria gasseriana
Mammillaria,Mammillaria erythrosperma,Mammillaria erythrosperma Boed.,Mammillaria erythrosperma
Mammillaria,Mammillaria mercadensis,Mammillaria mercadensis Patoni,Mammillaria mercadensis
Sclerocactus,Sclerocactus warnockii,Sclerocactus warnockii (L.D.Benson) N.P.Taylor,Sclerocactus warnockii
Mammillaria,Mammillaria geminispina,Mammillaria geminispina Haw.,Mammillaria geminispina
Mammillaria,Mammillaria weingartiana,Mammillaria weingartiana Boed.,Mammillaria weingartiana
Sclerocactus,Sclerocactus unguispinus,Sclerocactus unguispinus (Engelm.) N.P.Taylor,Sclerocactus unguispinus
Echinocereus,Echinocereus coccineus,Echinocereus coccineus (Engelm.) Engelm.,Echinocereus coccineus
Mammillaria,Mammillaria parkinsonii,Mammillaria parkinsonii C.Ehrenb.,Mammillaria parkinsonii
Mammillaria,Mammillaria sempervivi,Mammillaria sempervivi DC.,Mammillaria sempervivi
Mammillaria,Mammillaria nunezii,Mammillaria nunezii (Britton & Rose) Orcutt,Mammillaria nunezii
Stenocereus,Stenocereus aragonii,Stenocereus aragonii (F.A.C.Weber) Buxb.,Marshallocereus aragonii
Leuchtenbergia,Leuchtenbergia principis,Leuchtenbergia principis Fisch. ex Hook.,Leuchtenbergia principis
Selenicereus,Selenicereus vagans,Selenicereus vagans Britton & Rose,Selenicereus vagans
Thelocactus,Thelocactus setispinus,Thelocactus setispinus (Engelm.) E.F.Anderson,Thelocactus setispinus
Pilosocereus,Pilosocereus quadricentralis,Pilosocereus quadricentralis (E.Y.Dawson) Backeb.,Pilosocereus quadricentralis
Coryphantha,Coryphantha octacantha,Coryphantha octacantha (DC.) Britton & Rose,Coryphantha octacantha
Pereskiopsis,Pereskiopsis blakeana,Pereskiopsis blakeana Ortega,Pereskiopsis blakeana
Mammillaria,Mammillaria rhodantha,Mammillaria rhodantha Link & Otto,Mammillaria rhodantha
Pachycereus,Pachycereus grandis,Pachycereus grandis Rose,Pachycereus grandis
Mammillaria,Mammillaria sphacelata,Mammillaria sphacelata Mart.,Mammillaria sphacelata
Mammillaria,Mammillaria columbiana,Mammillaria columbiana Salm-Dyck,Mammillaria columbiana
Mammillaria,Mammillaria muehlenpfordtii,Mammillaria muehlenpfordtii C.F.Först.,Mammillaria muehlenpfordtii
Mammillaria,Mammillaria pennispinosa,Mammillaria pennispinosa Krainz ex Shurly,Mammillaria pennispinosa
Leuenbergeria,Leuenbergeria bleo,Pereskia bleo (Kunth) DC.,Leuenbergeria bleo
Pereskiopsis,Pereskiopsis porteri,Pereskiopsis porteri (Brandegee ex F.A.C.Weber) Britton & Rose,Pereskiopsis porteri
Cylindropuntia,Cylindropuntia arbuscula,Opuntia arbuscula Engelm.,Cylindropuntia arbuscula
Mammillaria,Mammillaria bocasana,Mammillaria bocasana Poselg.,Mammillaria bocasana
Turbinicarpus,Turbinicarpus gielsdorfianus,Turbinicarpus gielsdorfianus (Werderm.) John & Ríha,Turbinicarpus gielsdorfianus
Opuntia,Opuntia dillenii,Opuntia dillenii (Ker Gawl.) Haw.,Opuntia stricta
Opuntia,Opuntia chaffeyi,Opuntia chaffeyi Britton & Rose,Opuntia chaffeyi
Turbinicarpus,Turbinicarpus valdezianus,Turbinicarpus valdezianus (H.Moeller) Glass & R.A.Foster,Turbinicarpus valdezianus
Mammillaria,Mammillaria picta,Mammillaria picta Meinsh.,Mammillaria picta
Cochemiea,Cochemiea fraileana,Mammillaria fraileana (Britton & Rose) Boed.,Mammillaria albicans subsp. fraileana
Cochemiea,Cochemiea estebanensis,Mammillaria estebanensis G.E.Linds.,Cochemiea estebanensis
Pachycereus,Pachycereus gaumeri,Pachycereus gaumeri Britton & Rose,Pterocereus gaumeri
Mammillaria,Mammillaria klissingiana,Mammillaria klissingiana Boed.,Mammillaria klissingiana
Coryphantha,Coryphantha ramillosa,Coryphantha ramillosa Cutak,Coryphantha ramillosa
Peniocereus,Peniocereus greggii,Peniocereus greggii (Engelm.) Britton & Rose,Peniocereus greggii
Acanthocereus,Acanthocereus hesperius,"Peniocereus occidentalis Bravo ex S.Arias, U.Guzmán & Gama",Acanthocereus hesperius
Pachycereus,Pachycereus lepidanthus,Lemaireocereus lepidanthus (Eichlam) S.Arias & Terrazas,
Opuntia,Opuntia pachyrrhiza,"Opuntia pachyrrhiza H.M.Hern., Gómez-Hin. & Bárcenas",Opuntia pachyrrhiza
Mammillaria,Mammillaria gigantea,Mammillaria gigantea Hildm. ex K.Schum.,Mammillaria gigantea
Coryphantha,Coryphantha sulcata,Coryphantha sulcata (Engelm.) Britton & Rose,Coryphantha sulcata
Coryphantha,Coryphantha pseudoechinus,Coryphantha pseudoechinus Boed.,Coryphantha pseudoechinus
Cephalocereus,Cephalocereus senilis,Cephalocereus senilis (Haw.) Pfeiff.,Cephalocereus senilis
Echinocereus,Echinocereus pseudopectinatus,Echinocereus pseudopectinatus (N.P.Taylor) N.P.Taylor,Echinocereus pseudopectinatus
Opuntia,Opuntia jaliscana,Opuntia jaliscana Bravo,Opuntia jaliscana
Strombocactus,Strombocactus disciformis,Strombocactus disciformis (DC.) Britton & Rose,Strombocactus disciformis
Mammillaria,Mammillaria solisioides,Mammillaria solisioides Backeb.,Mammillaria pectinifera subsp. solisioides
Echinocereus,Echinocereus parkeri,Echinocereus rayonesensis N.P.Taylor,Echinocereus rayonesensis
Mammillaria,Mammillaria coahuilensis,Mammillaria coahuilensis (Boed.) Moran,Mammillaria coahuilensis
Pseudorhipsalis,Pseudorhipsalis himantoclada,Pseudorhipsalis himantoclada (Rol.-Goss.) Britton & Rose,Pseudorhipsalis himantoclada
Mammillaria,Mammillaria fittkaui,Mammillaria limonensis Repp.,Mammillaria fittkaui subsp. limonensis
Mammillaria,Mammillaria glochidiata,Mammillaria glochidiata Mart.,Mammillaria glochidiata
Peniocereus,Peniocereus lazaro-cardenasii,"Peniocereus lazaro-cardenasii (J.L.Contr., J.Jiménez Ram., Sánchez-Mej. & C.Toledo) D.R.Hunt",Peniocereus lazaro-cardenasii
Pilosocereus,Pilosocereus alensis,Cephalocereus alensis (F.A.C.Weber) Britton & Rose,Pilosocereus alensis
Mammillaria,Mammillaria anniana,Mammillaria anniana Glass & R.A.Foster,Mammillaria anniana
Pseudorhipsalis,Pseudorhipsalis acuminata,Rhipsalis acuminata (Cufod.) Standl.,Pseudorhipsalis acuminata
Mammillaria,Mammillaria mathildae,Mammillaria mathildae Kraehenb. & Krainz,Mammillaria mathildae
Echinocereus,Echinocereus berlandieri,Echinocereus berlandieri (Engelm.) F.Haage,Echinocereus berlandieri
Ferocactus,Ferocactus mathssonii,Hamatocactus crassihamatus (F.A.C.Weber) Buxb.,Ferocactus mathssonii
Opuntia,Opuntia megarrhiza,Opuntia megarrhiza Rose,Opuntia megarrhiza
Mammillaria,Mammillaria melaleuca,Mammillaria melaleuca Karw. ex Salm-Dyck,Mammillaria melaleuca
Selenicereus,Selenicereus triangularis,Hylocereus triangularis (L.) Britton & Rose,
Echinocereus,Echinocereus pensilis,Echinocereus pensilis (K.Brandegee) J.A.Purpus,Echinocereus pensilis
Coryphantha,Coryphantha clavata,Coryphantha clavata (Scheidw.) Backeb.,Coryphantha clavata
Echinocereus,Echinocereus grandis,Echinocereus grandis Britton & Rose,Echinocereus grandis
Thelocactus,Thelocactus conothelos,Thelocactus conothelos (Regel & E.Klein bis) F.M.Knuth,Thelocactus conothelos
Mammillaria,Mammillaria zublerae,Mammillaria zublerae Repp.,Mammillaria zublerae
Mammillaria,Mammillaria nana,Mammillaria nana Backeb.,Mammillaria nana
Mammillaria,Mammillaria petterssonii,Mammillaria petterssonii Hildm.,Mammillaria petterssonii
Coryphantha,Coryphantha durangensis,Coryphantha durangensis (Ruenge) Britton & Rose,Coryphantha durangensis
Echinocereus,Echinocereus platyacanthus,Echinocereus platyacanthus Link & Otto,
Coryphantha,Coryphantha vaupeliana,Coryphantha vaupeliana Boed.,Coryphantha vaupeliana
Mammillaria,Mammillaria lenta,Mammillaria lenta K.Brandegee,Mammillaria lenta
Cumarinia,Cumarinia odorata,Cumarinia odorata (Boed.) Buxb.,Cumarinia odorata
Epiphyllum,Epiphyllum cartagense,Epiphyllum cartagense (F.A.C.Weber) Britton & Rose,Epiphyllum cartagense
Coryphantha,Coryphantha jalpanensis,Coryphantha jalpanensis F.G.Buchenau,Coryphantha jalpanensis
Cochemiea,Cochemiea thornberi,Mammillaria thornberi Orcutt,Mammillaria thornberi
Parrycactus,Parrycactus flavovirens,Ferocactus flavovirens (Scheidw.) Britton & Rose,Ferocactus flavovirens
Leuenbergeria,Leuenbergeria zinniiflora,Pereskia zinniiflora DC.,Leuenbergeria zinniiflora
Acanthocereus,Acanthocereus rosei,Peniocereus rosei J.G.Ortega,Acanthocereus rosei
Stenocactus,Stenocactus ochoterenianus,Stenocactus heteracanthus (Muehlenpf.) A.Berger ex A.W.Hill,Stenocactus heteracanthus
Peniocereus,Peniocereus marianus,Peniocereus marianus (Gentry) Sánchez-Mej.,Peniocereus marianus
Coryphantha,Coryphantha pulleineana,Coryphantha pulleineana (Backeb.) Glass,Coryphantha pulleineana
Mammillaria,Mammillaria pilispina,Mammillaria pilispina J.A.Purpus,Mammillaria pilispina
Opuntia,Opuntia vaseyi,Opuntia × vaseyi (J.M.Coult.) Britton & Rose,
Echinocereus,Echinocereus conglomeratus,"Echinocereus conglomeratus C.F.Först. ex Haag, 1860",Echinocereus stramineus subsp. stramineus
Cylindropuntia,Cylindropuntia californica,Opuntia rosarica G.E.Linds.,Cylindropuntia californica subsp. rosarica
Stenocereus,Stenocereus chrysocarpus,Stenocereus chrysocarpus Sánchez-Mej.,Stenocereus chrysocarpus
Coryphantha,Coryphantha wohlschlageri,Coryphantha wohlschlageri Holzeis,Coryphantha wohlschlageri
Epithelantha,Epithelantha bokei,Epithelantha bokei L.D.Benson,Epithelantha bokei
Cylindropuntia,Cylindropuntia acanthocarpa,Opuntia acanthocarpa Engelm. & J.M.Bigelow,Cylindropuntia acanthocarpa
Echinocereus,Echinocereus waldeisii,Echinocereus waldeisii Haugg,Echinocereus poselgeri
Mammillaria,Mammillaria pectinifera,Mammillaria pectinifera (Stein) F.A.C.Weber,Mammillaria pectinifera
Stenocactus,Stenocactus dichroacanthus,Stenocactus dichroacanthus (DC.) A.Berger ex A.W.Hill,Stenocactus arrigens
Opuntia,Opuntia crassa,Opuntia crassa Haw.,Opuntia crassa
Coryphantha,Coryphantha glassii,Coryphantha glassii Dicht & A.Lüthy,Coryphantha glassii
Echinocereus,Echinocereus maritimus,Echinocereus maritimus (M.E.Jones) K.Schum.,Echinocereus maritimus
Thelocactus,Thelocactus rinconensis,Thelocactus rinconensis (Poselg.) Britton & Rose,Thelocactus rinconensis
Mammillaria,Mammillaria sphaerica,Mammillaria sphaerica A.Dietr. ex Engelm.,Mammillaria sphaerica
Peniocereus,Peniocereus viperinus,Peniocereus viperinus (F.A.C.Weber) Buxb.,Peniocereus viperinus
Stenocactus,Stenocactus ochoterenanus,Stenocactus ochoterenanus Tiegel,Stenocactus ochoterenianus
Mammillaria,Mammillaria moelleriana,Mammillaria moelleriana Boed.,Mammillaria moelleriana
Coryphantha,Coryphantha ottonis,Coryphantha ottonis (Pfeiff.) Lem.,Coryphantha ottonis
Sclerocactus,Sclerocactus mariposensis,Sclerocactus mariposensis (Hester) N.P.Taylor,Sclerocactus mariposensis
Brasiliopuntia,Brasiliopuntia brasiliensis,Opuntia brasiliensis (Willd.) Haw.,Brasiliopuntia brasiliensis subsp. brasiliensis
Cochemiea,Cochemiea blossfeldiana,Mammillaria blossfeldiana Boed.,Cochemiea blossfeldiana
Selenicereus,Selenicereus monacanthus,Hylocereus monacanthus (Lem.) Britton & Rose,
Lobivia,Lobivia bridgesii,Echinopsis bridgesii Salm-Dyck,Lobivia bridgesii subsp. bridgesii
Cochemiea,Cochemiea sheldonii,Mammillaria swinglei (Britton & Rose) Boed.,Mammillaria grahamii subsp. sheldonii
Cochemiea,Cochemiea boolii,Mammillaria boolii G.E.Linds.,Cochemiea boolii
Mammillaria,Mammillaria johnstonii,Mammillaria johnstonii (Britton & Rose) Orcutt,Mammillaria johnstonii
Cylindropuntia,Cylindropuntia molesta,Opuntia molesta Brandegee,Cylindropuntia molesta
Cylindropuntia,Cylindropuntia whipplei,Opuntia whipplei Engelm. & J.M.Bigelow,Cylindropuntia whipplei
Mammillaria,Mammillaria painteri,Mammillaria painteri Rose ex Quehl,Mammillaria painteri
Cylindropuntia,Cylindropuntia kelvinensis,Opuntia × kelvinensis V.E.Grant & K.A.Grant,
Echinocereus,Echinocereus longisetus,Echinocereus delaetii (Gürke) Gürke,Echinocereus longisetus subsp. delaetii
Echinocereus,Echinocereus reichenbachii,Echinocereus reichenbachii (Terscheck) F.Haage ex Britton & Rose,Echinocereus reichenbachii
Echinocereus,Echinocereus fasciculatus,Echinocereus fasciculatus (Engelm.) L.D.Benson,Echinocereus fasciculatus
Echinocereus,Echinocereus pringlei,Echinocereus pringlei Rose,
Mammillaria,Mammillaria backebergiana,Mammillaria backebergiana F.G.Buchenau,Mammillaria backebergiana
Echinocereus,Echinocereus viereckii,Echinocereus viereckii Werderm.,Echinocereus viereckii
Selenicereus,Selenicereus anthonyanus,Selenicereus anthonyanus (Alexander) D.R.Hunt,Selenicereus anthonyanus
Mammillaria,Mammillaria zeilmanniana,Mammillaria zeilmanniana Boed.,Mammillaria zeilmanniana
Echinocereus,Echinocereus marksianus,"Echinocereus marksianus Fritz Schwarz ex Backeb., 1966",Echinocereus acifer subsp. acifer
Mammillaria,Mammillaria insularis,"Mammillaria insularis H.E.Gates ex Shurly, 1938",Cochemiea insularis
Echinocereus,Echinocereus spinigemmatus,Echinocereus spinigemmatus A.B.Lau,Echinocereus spinigemmatus
Cochemiea,Cochemiea halei,Cochemiea halei (Brandegee) Walton,Cochemiea halei
Pachycereus,Pachycereus eichlamii,Stenocereus longispinus (Britton & Rose) Buxb.,Stenocereus pruinosus
Cylindropuntia,Cylindropuntia santamaria,Opuntia santamaria (Baxter) Bravo,Cylindropuntia santamaria
Astrophytum,Astrophytum asterias,Astrophytum asterias (Zucc.) Lem.,Astrophytum asterias
Echinocereus,Echinocereus nivosus,Echinocereus nivosus Glass & R.A.Foster,Echinocereus nivosus
Mammillaria,Mammillaria longiflora,Mammillaria longiflora (Britton & Rose) A.Berger,Mammillaria longiflora
Pelecyphora,Pelecyphora laredoi,Escobaria laredoi (Glass & R.A.Foster) N.P.Taylor,Pelecyphora laredoi
Mammillaria,Mammillaria magnifica,Mammillaria magnifica F.G.Buchenau,Mammillaria magnifica
Acanthocereus,Acanthocereus maculatus,Peniocereus maculatus (Weing.) Cutak,Acanthocereus maculatus
Coryphantha,Coryphantha potosiana,Coryphantha potosiana (Jacobi) Glass & R.A.Foster ex Rowley,Coryphantha potosiana
Opuntia,Opuntia cymochila,Opuntia × cymochila Engelm. & J.M.Bigelow,Opuntia macrorhiza subsp. macrorhiza
Coryphantha,Coryphantha pycnacantha,Coryphantha pycnacantha (Mart.) Lem.,Coryphantha pycnacantha
Mammillaria,Mammillaria tepexicensis,Mammillaria tepexicensis J.Meyrán,Mammillaria longiflora subsp. tepexicensis
Cochemiea,Cochemiea hutchisoniana,Mammillaria louisae G.E.Linds.,Mammillaria hutchisoniana subsp. louisae
Opuntia,Opuntia maxima,Opuntia amyclaea Ten.,Opuntia megacantha
Mammillaria,Mammillaria duoformis,Mammillaria duoformis R.T.Craig & E.Y.Dawson,Mammillaria duoformis
Selenicereus,Selenicereus costaricensis,Hylocereus costaricensis (F.A.C.Weber) Britton & Rose,
Mammillaria,Mammillaria duwei,Mammillaria duwei Rogoz. & P.J.Braun,Mammillaria duwei
Echinocereus,Echinocereus ferreiranus,"Echinocereus ferreiranus H.E.Gates, 1953",Echinocereus ferreiranus
Stenocactus,Stenocactus phyllacanthus,Stenocactus phyllacanthus (A.Dietr. & Otto) A.Berger,Stenocactus phyllacanthus
Opuntia,Opuntia howeyi,Opuntia howeyi J.A.Purpus,Opuntia howeyi
Mammillaria,Mammillaria meyranii,Mammillaria meyranii Bravo,Mammillaria meyranii
Mammillaria,Mammillaria deherdtiana,Mammillaria deherdtiana Farwig,Mammillaria deherdtiana
Coryphantha,Coryphantha salinensis,Coryphantha salinensis (Poselg.) Dicht & A.Lüthy,Coryphantha salinensis
Selenicereus,Selenicereus inermis,Selenicereus wercklei (F.A.C.Weber) Britton & Rose,Selenicereus inermis subsp. inermis
Selenicereus,Selenicereus murrillii,Selenicereus murrillii Britton & Rose,Selenicereus murrillii
Echinocereus,Echinocereus subinermis,Echinocereus subinermis Salm-Dyck ex Scheer,Echinocereus subinermis
Rhipsalis,Rhipsalis cereuscula,Rhipsalis simmleri Beauverd,Rhipsalis cereuscula
Ferocactus,Ferocactus lindsayi,Ferocactus lindsayi Bravo,Ferocactus lindsayi
Coryphantha,Coryphantha werdermannii,Coryphantha werdermannii Boed.,Coryphantha werdermannii
Mammillaria,Mammillaria purpurea,Mammillaria purpurea C.Ehrenb.,Mammillaria purpurea
Mammillaria,Mammillaria carmenae,Mammillaria carmenae Castañeda & Núñez,Mammillaria carmenae
Mammillaria,Mammillaria brandegeei,Mammillaria brandegeei (J.M.Coult.) Engelm. ex K.Brandegee,Mammillaria brandegeei
Pachycereus,Pachycereus gatesii,Lophocereus gatesii M.E.Jones,Lophocereus gatesii
Cereus,Cereus jamacaru,Cereus jamacaru DC.,Cereus jamacaru
Mammillaria,Mammillaria petrophila,Mammillaria petrophila K.Brandegee,Mammillaria petrophila
Mammillaria,Mammillaria xaltianguensis,Mammillaria xaltianguensis Sánchez-Mej.,Mammillaria xaltianguensis
Cochemiea,Cochemiea angelensis,Mammillaria angelensis R.T.Craig,Cochemiea angelensis
Grusonia,Grusonia parishiorum,Grusonia parishii (Orcutt) Pinkava,
Soehrensia,Soehrensia spachiana,Trichocereus spachianus (Lem.) Riccob.,Soehrensia spachiana
Cochemiea,Cochemiea cerralboa,Mammillaria cerralboa (Britton & Rose) Orcutt,Cochemiea cerralboa
Myrtillocactus,Myrtillocactus cochal,Myrtillocactus cochal (Orcutt) Britton & Rose,Myrtillocactus cochal
Cochemiea,Cochemiea maritima,Cochemiea maritima G.E.Linds.,Cochemiea maritima
Mammillaria,Mammillaria wiesingeri,Mammillaria wiesingeri Boed.,Mammillaria wiesingeri
Cochemiea,Cochemiea setispina,Cochemiea setispina (J.M.Coult.) Walton,Cochemiea setispina
Mammillaria,Mammillaria spinosissima,Mammillaria spinosissima Lem.,Mammillaria spinosissima
Ariocarpus,Ariocarpus agavoides,Ariocarpus agavoides (Castañeda) E.F.Anderson,Ariocarpus agavoides
Mammillaria,Mammillaria herrerae,Mammillaria herrerae Werderm.,Mammillaria herrerae
Epiphyllum,Epiphyllum thomasianum,Epiphyllum thomasianum (K.Schum.) Britton & Rose,Epiphyllum thomasianum
Grusonia,Grusonia clavata,Grusonia clavata (Engelm.) H.Rob.,Grusonia clavata
Mammillaria,Mammillaria knippeliana,Mammillaria knippeliana Quehl,Mammillaria knippeliana
Ferocactus,Ferocactus johnstonianus,Ferocactus johnstonianus Britton & Rose,Ferocactus johnstonianus
Mammillaria,Mammillaria evermanniana,Mammillaria evermanniana (Britton & Rose) Orcutt,Mammillaria evermanniana
Stenocereus,Stenocereus fricii,Stenocereus fricii Sánchez-Mej.,Stenocereus fricii
Kadenicarpus,Kadenicarpus pseudomacrochele,Turbinicarpus pseudomacrochele (Backeb.) Buxb. & Backeb.,Kadenicarpus pseudomacrochele
Selenicereus,Selenicereus stenopterus,Hylocereus stenopterus (F.A.C.Weber) Britton & Rose,
Pediocactus,Pediocactus knowltonii,Pediocactus knowltonii L.D.Benson,Pediocactus knowltonii
Cochemiea,Cochemiea albicans,Mammillaria albicans (Britton & Rose) A.Berger,Mammillaria albicans
Opuntia,Opuntia fragilis,Opuntia fragilis (Nutt.) Haw.,Opuntia fragilis
Echinocereus,Echinocereus stolonifer,Echinocereus stolonifer W.T.Marshall,Echinocereus stolonifer
Echinocereus,Echinocereus scopulorum,Echinocereus scopulorum Britton & Rose,Echinocereus scopulorum
Disocactus,Disocactus biformis,Disocactus biformis (Lindl.) Lindl.,Disocactus biformis
Disocactus,Disocactus macdougallii,Disocactus macdougallii (Alexander) Barthlott,Disocactus macdougallii
Mammillaria,Mammillaria sonorensis,Mammillaria sonorensis R.T.Craig,Mammillaria sonorensis
Ferocactus,Ferocactus cylindraceus,Ferocactus cylindraceus (Engelm.) Orcutt,Ferocactus cylindraceus
Stenocereus,Stenocereus martinezii,Stenocereus martinezii (J.G.Ortega) Buxb.,Stenocereus martinezii
Mammillaria,Mammillaria pringlei,Mammillaria pringlei (J.M.Coult.) K.Brandegee,Mammillaria pringlei
Mammillaria,Mammillaria peninsularis,Mammillaria peninsularis (Britton & Rose) Orcutt,Mammillaria peninsularis
Pacherocactus,Pacherocactus orcuttii,Pacherocactus orcuttii (Brandegee) G.D.Rowley,
Mammillaria,Mammillaria aureilanata,Mammillaria aureilanata Backeb.,Mammillaria aureilanata
Mammillaria,Mammillaria hutchisoniana,Mammillaria hutchisoniana (H.E.Gates) Backeb. & Knuth,Mammillaria hutchisoniana
Opuntia,Opuntia pottsii,Opuntia pottsii Salm-Dyck,Opuntia pottsii
Cochemiea,Cochemiea mainiae,Mammillaria mainiae K.Brandegee,Mammillaria mainiae
Pilosocereus,Pilosocereus gaumeri,Pilosocereus gaumeri (Britton & Rose) Backeb.,Pilosocereus gaumeri
Cochemiea,Cochemiea pondii,Mammillaria pondii Greene,Mammillaria pondii
Echinocactus,Echinocactus polycephalus,Echinocactus polycephalus Engelm. & J.M.Bigelow,Homalocephala polycephala
Rapicactus,Rapicactus mandragora,Thelocactus mandragora A.Berger,Rapicactus mandragora
Ferocactus,Ferocactus pottsii,Ferocactus pottsii (Salm-Dyck) Backeb.,Ferocactus pottsii
Selenicereus,Selenicereus tonduzii,Weberocereus tonduzii (F.A.C.Weber) G.D.Rowley,Selenicereus tonduzii
Mammillaria,Mammillaria wagneriana,Mammillaria wagneriana Boed.,Mammillaria wagneriana
Cochemiea,Cochemiea multidigitata,Mammillaria multidigitata Radley ex G.E.Linds.,Cochemiea multidigitata
Echinocereus,Echinocereus triglochidiatus,Echinocereus mojavensis (Engelm. & J.M.Bigelow) Engelm. ex Rümpler,Echinocereus triglochidiatus subsp. mojavensis
Pereskia,Pereskia grandifolia,Pereskia grandifolia Haw.,Pereskia grandifolia
Echinocereus,Echinocereus pacificus,Echinocereus pacificus (Engelm.) F.Haage,Echinocereus pacificus
Opuntia,Opuntia gallegiana,Opuntia gallegiana Scheinvar & Olalde,Opuntia gallegiana
Acanthocereus,Acanthocereus chiapensis,Acanthocereus chiapensis Bravo,Acanthocereus chiapensis
Echinocereus,Echinocereus arizonicus,Echinocereus arizonicus Rose ex Orcutt,
Echinocereus,Echinocereus nicholii,Echinocereus nicholii (L.D.Benson) B.D.Parfitt,Echinocereus nicholii
Austrocylindropuntia,Austrocylindropuntia subulata,Austrocylindropuntia subulata (Muehlenpf.) Backeb.,Austrocylindropuntia subulata
Cylindropuntia,Cylindropuntia ganderi,Opuntia ganderi (C.B.Wolf) Rebman & Pinkava,Cylindropuntia ganderi
Ferocactus,Ferocactus fordii,Ferocactus fordii (Orcutt) Britton & Rose,Ferocactus fordii
Epiphyllum,Epiphyllum grandilobum,Epiphyllum grandilobum (F.A.C.Weber) Britton & Rose,Epiphyllum grandilobum
Echinocereus,Echinocereus schmollii,Echinocereus schmollii (Weing.) N.P.Taylor,Echinocereus schmollii
Coryphantha,Coryphantha maiz-tablasensis,Coryphantha maiz-tablasensis Fritz Schwarz,Coryphantha maiz-tablasensis
Echinocereus,Echinocereus viridiflorus,Echinocereus viridiflorus Engelm.,Echinocereus viridiflorus
Aztekonia,Aztekonia hintonii,Aztekium hintonii Glass & W.A.Fitz Maur.,Aztekium hintonii
Lepismium,Lepismium houlletianum,Lepismium houlletianum (Lem.) Barthlott,Lepismium houlletianum
Mammillaria,Mammillaria guerreronis,Mammillaria guerreronis (Bravo) Boed.,Mammillaria guerreronis
Strombocactus,Strombocactus corregidorae,Strombocactus corregidorae S.Arias & E.Sánchez,Chichimecactus corregidorae
Selenicereus,Selenicereus minutiflorus,Hylocereus minutiflorus Britton & Rose,Selenicereus minutiflorus
Selenicereus,Selenicereus guatemalensis,Hylocereus guatemalensis (Eichlam ex Weing.) Britton & Rose,Selenicereus guatemalensis
Opuntia,Opuntia humifusa,Opuntia compressa J.F.Macbr.,Opuntia humifusa subsp. humifusa
Selenicereus,Selenicereus calcaratus,Hylocereus calcaratus (F.A.C.Weber) Britton & Rose,
Rapicactus,Rapicactus zaragosae,Turbinicarpus zaragosae (Glass & R.A.Foster) C.E.Glass & Hofer,Rapicactus zaragozae
Pilosocereus,Pilosocereus polygonus,Pilosocereus royenii (L.) Byles & G.D.Rowley,Pilosocereus royenii
Mammillaria,Mammillaria schwarzii,Mammillaria schwarzii Shurly,Mammillaria schwarzii
Cochemiea,Cochemiea guelzowiana,Mammillaria guelzowiana Werderm.,Cochemiea guelzowiana
Mammillaria,Mammillaria varieaculeata,Mammillaria varieaculeata Franc.G.Buchenau,Mammillaria varieaculeata
Sclerocactus,Sclerocactus polyancistrus,Sclerocactus polyancistrus (Engelm. & J.M.Bigelow) Britton & Rose,Sclerocactus polyancistrus
Mammillaria,Mammillaria hernandezii,Mammillaria hernandezii Glass & R.A.Foster,Mammillaria hernandezii
Cochemiea,Cochemiea palmeri,Mammillaria neopalmeri R.T.Craig,Cochemiea palmeri
Consolea,Consolea moniliformis,Opuntia moniliformis (L.) Haw. ex Steud.,Consolea moniliformis subsp. moniliformis
Opuntia,Opuntia bravoana,Opuntia bravoana E.M.Baxter,Opuntia bravoana
Epiphyllum,Epiphyllum laui,Epiphyllum laui Kimnach,Epiphyllum laui
Mammillaria,Mammillaria laui,Mammillaria laui D.R.Hunt,Mammillaria laui
Opuntia,Opuntia cubensis,Opuntia × cubensis Britton & Rose,
Cochemiea,Cochemiea wrightii,Mammillaria wrightii Engelm.,Mammillaria wrightii
Myrtgerocactus,Myrtgerocactus lindsayi,× Myrtgerocactus lindsayi Moran,
Mammillaria,Mammillaria crucigera,Mammillaria crucigera Mart.,Mammillaria crucigera
Thelocactus,Thelocactus macdowellii,Thelocactus macdowellii (Rebut ex Quehl) W.T.Marshall,Thelocactus macdowellii
Cochemiea,Cochemiea tetrancistra,Mammillaria tetrancistra Engelm.,Mammillaria tetrancistra
Mammillaria,Mammillaria albiflora,Mammillaria albiflora (Werderm.) Backeb.,Mammillaria albiflora
Echinocereus,Echinocereus barthelowanus,Echinocereus barthelowanus Britton & Rose,Echinocereus barthelowanus
Leuenbergeria,Leuenbergeria guamacho,Pereskia guamacho F.A.C.Weber,Leuenbergeria guamacho
Weberocereus,Weberocereus bradei,Weberocereus bradei (Britton & Rose) D.R.Hunt,Weberocereus bradei
Opuntia,Opuntia demissa,Opuntia × demissa Griffiths,
Pelecyphora,Pelecyphora vivipara,Coryphantha vivipara (Nutt.) Britton & Rose,Escobaria vivipara
Pelecyphora,Pelecyphora zilziana,Escobaria zilziana (Boed.) Backeb.,Escobaria zilziana
Weberocereus,Weberocereus imitans,Weberocereus imitans (Kimnach & Hutchison) D.R.Hunt,Weberocereus imitans
Turbinicarpus,Turbinicarpus laui,Turbinicarpus laui Glass & R.A.Foster,Turbinicarpus laui
Opuntia,Opuntia vulgaris,"Opuntia vulgaris Ten., 1831",Opuntia humifusa
Opuntia,Opuntia elata,Opuntia elata Link & Otto,Opuntia elata
Mammillaria,Mammillaria fuscata,Mammillaria fuscata Link & Otto,Mammillaria rhodantha subsp. rhodantha
Peniocereus,Peniocereus johnstonii,Peniocereus johnstonii Britton & Rose,Peniocereus johnstonii
Sclerocactus,Sclerocactus johnsonii,Neolloydia johnsonii (Parry ex Engelm.) L.D.Benson,
Thelocactus,Thelocactus buekii,Thelocactus buekii (E.Klein bis) Britton & Rose,Thelocactus buekii
Mammillaria,Mammillaria marksiana,Mammillaria marksiana Krainz,Mammillaria marksiana
Coryphantha,Coryphantha asterias,Coryphantha asterias Cels,Coryphantha ottonis
Opuntia,Opuntia drummondii,Opuntia drummondii Graham,Opuntia drummondii
Coryphantha,Coryphantha recurvata,Coryphantha recurvata (Engelm.) Britton & Rose,Coryphantha recurvata
Echinocereus,Echinocereus websterianus,Echinocereus websterianus G.E.Linds.,Echinocereus websterianus
Disocactus,Disocactus lepidocarpus,Epiphyllum lepidocarpum (F.A.C.Weber) Britton & Rose,Disocactus lepidocarpus
Parrycactus,Parrycactus schwarzii,Ferocactus schwarzii G.E.Linds.,Ferocactus schwarzii
Opuntia,Opuntia setispina,"Opuntia setispina Engelm., 1850",Opuntia macrorhiza subsp. pottsii
Disocactus,Disocactus quezaltecus,Disocactus quezaltecus (Standl. & Steyerm.) Kimnach,Disocactus quezaltecus
